"","specimen","PC1","PC2","PC3","PC4","PC5","PC6","PC7","PC8","PC9","PC10","PC11","PC12","PC13","PC14","PC15","PC16","PC17","PC18","PC19","PC20","PC21","PC22","PC23","PC24","PC25","PC26","PC27","PC28","PC29","PC30","PC31","PC32","PC33","PC34","PC35","PC36","PC37","PC38","PC39","PC40","PC41","PC42","Prey"
"1","Alopias_superciliosus",-0.111027753543324,0.00414277316604019,0.0148693470727489,0.00532251074553347,-0.00220866570513262,0.0259598887114352,-0.0191034781837825,0.00349273304276135,-0.0218328122234706,4.48349300752872e-05,0.0448474860238282,0.00643567539808615,0.0131438684339318,-0.0203664027147157,-0.0202331143970275,0.0235296904075934,-0.00684405818494504,0.00767237159912477,0.0157885642146524,-0.0237534777560944,0.0156700291604743,-0.00140313676504925,0.00796371469454726,0.00715321621007748,-0.0071591998421267,-0.00423292964661595,0.00115727717331995,0.00628038793802744,-0.0133676492106575,0.00168613329585429,-0.00147961195408938,0.00723889955477771,-0.00154227231967384,0.0049328995510564,-0.000621996948905474,3.03142927426947e-16,4.94179350218893e-16,-2.5955800009303e-16,-1.90819582357449e-17,-5.63785129692462e-18,-9.26992857475106e-17,7.89299181569447e-17,"fish_&_cephalopoda"
"2","Alopias_vulpinus",-0.0965589781820819,0.000909565839386391,0.028005991436338,-0.0291884666024443,0.0131489475231815,0.00352535209746711,-0.0204622707927484,0.0269007731908063,-0.00779201486580751,-0.0104215958514399,0.056813187207862,-0.024298660402569,0.0114194152971561,-0.0146321578843065,-0.0132406889977876,0.0135494574392803,0.0342129849120042,0.00220235027254897,0.00526279436272383,-0.0245870161691976,0.00643754051184949,0.00927569845541797,-0.0123167198745168,0.00246532585697955,-0.0023345982605078,-0.000357709456608544,0.00339350920654947,-0.00320638182201176,0.00577971926759686,0.013565587907021,0.00530682420775415,0.0113599616419171,-0.00100700782480789,-0.00359551201449475,-0.00068583395339923,-2.61943244872498e-15,-8.18789480661053e-16,7.45931094670027e-17,2.08166817117217e-17,1.32706345912226e-16,-5.87637577487143e-17,3.55618312575245e-17,"fish_&_cephalopoda"
"3","Apristurus_laurussonii",-0.0217407845002155,0.050637540996409,-0.0420971537690556,0.0672831073972647,-0.00738016017386851,-0.0507976632222088,-0.0247114565574564,-0.0380748047690937,0.0417304108176958,-0.0265116750633401,-0.00702070487450625,0.0363627498307715,0.0202947018085454,-0.0114635400841268,0.0271105358340418,-0.0141880573419316,-0.00729317324325935,-0.00727488093156793,0.0176563401274259,-0.0163364265738365,-0.00487130337599341,-0.0124525534435816,-0.0194312139762874,-0.0183481895002998,-0.00776016737078925,-0.00595899337438301,0.0291653417820742,-0.000794409185301763,-0.0097347204907814,-0.0028490820149004,-0.0106310323512202,0.000465171199285172,-0.000382522434990115,-0.000327107601448098,0.00219773222438343,2.53269627492614e-15,7.91901266783412e-16,5.35162192338845e-16,-8.32667268468867e-17,3.81639164714898e-17,-5.6920614055489e-17,0,"generalist"
"4","Atelomycterus_marmoratus",0.04187601523987,0.0681039518215229,0.0659316067469712,0.0877184653144968,-0.0192447421825815,0.00318510304543462,0.00411002592499812,0.00503534129355135,-0.0131228316345792,-0.000294944335852429,-0.00564839337792044,0.00895929938996436,0.0244394342051108,0.019593305883048,-0.0148692441341127,0.0465953915646264,-0.0143855588401416,-0.00394870099884403,-0.0115788765073182,0.00172686534853583,-0.0199501320037165,0.00965273688522814,-0.00795140382115047,0.013240593077721,0.00103563277843202,0.00213636925045536,0.000817089204719177,-0.00350921660324824,-0.00710574444556944,0.00134095330475946,-0.00292619881179692,0.00366038696720235,0.00121995970996957,0.000737271348987322,-0.00106885755673654,5.99412013080336e-15,-2.16883802584e-15,2.7972416050126e-16,1.97758476261356e-16,-1.24466409401336e-16,-3.33934269125535e-17,-1.02999206386123e-17,"generalist"
"5","Carcharhinus_acronotus",-0.04883921343445,-0.0619493251566376,0.047063351623885,0.00412653765686093,0.00980251016270858,-0.0444248817729333,-0.000600236390589822,-0.00679208224482369,-0.030935601480145,0.00540275927324414,-0.0185456180124225,-0.0127954907860877,0.00813653964562777,0.0266746917082968,0.00615354393502415,-0.0111203224388558,-0.0141585270957117,0.00732333940218255,0.00877340922297731,-0.0138710914372459,0.000262348623123412,-0.0146800048789277,0.00897214906388064,0.012158001542607,-0.00911710875781374,0.00389576381432874,-0.00330962406276261,0.00158028291143158,-0.00671494891321834,-0.00195831859594696,0.00343478769194191,-0.00185108081011229,-0.00169433436510305,-0.000359861868798534,0.00200425072806975,8.14235831536614e-16,-6.2233204700668e-17,-1.7499023063916e-16,-1.02348685082632e-16,-2.21177243187043e-16,-8.84166871661929e-17,-8.32667268468867e-17,"fish_&_cephalopoda"
"6","Carcharhinus_amboinensis",-0.101594178057951,-0.0292864044580975,-0.0362379931342328,-0.0151414530806197,0.0214942150083771,-0.0473977144799513,-0.0146846929174939,-0.0304637456660898,0.000260608933640407,-0.000479050776599205,0.0255463848015888,0.0124584443256719,0.0115088687020444,-0.00591192588787798,0.024894796301575,-0.000180739179040582,0.00404488783561323,0.00124863237709272,-0.0244262889772296,0.00118583646445368,0.00532178682554647,0.0106230790744925,0.00591325581341909,-0.015442165902963,0.00144141335582496,-0.00495430607430023,0.00136843297085043,-0.00261107374001436,0.00293378845399955,-0.0035168989561697,-0.000124717863923743,0.000231854292196749,0.00333573555674921,-0.00212399099887836,-0.00162519681894317,4.49065697821771e-15,-1.27068494615301e-16,-1.03085942559922e-15,1.03649727689614e-16,5.39932681897781e-17,4.42083435830964e-17,2.42861286636753e-17,"fish_&_cephalopoda"
"7","Carcharhinus_brachyurus",-0.0636465767373974,-0.0305219060972068,0.0100947921846642,-0.0240915637736332,0.0077256802074175,-0.0523026279492699,-0.0296530494175237,0.0125026820304517,-0.0181439371163051,-0.00167402190822643,-0.0264208373994656,-0.00445611247633832,0.0101300255576981,-0.0189300029571797,-0.00602775325313536,0.0131440752044991,0.000812171165609554,-0.0257216884587751,-0.0233982200584985,0.00710726120103937,-0.0228782647505971,0.0109513113092252,-0.00112182258623998,0.00679723088043234,0.00429228595083205,0.00533293768272508,0.00871894429717903,-0.0061033905535028,-0.00166188838798679,0.00950162998471451,0.000863207384278519,-0.00788977941360891,-0.00428128309770085,0.00716315212327166,0.00122368646202232,2.28332977525447e-16,-3.58437238223708e-16,-1.03432887255117e-16,1.58727198051878e-16,6.80878964320897e-17,-7.67073037033494e-17,-4.33680868994202e-18,"fish_&_cephalopoda"
"8","Carcharhinus_dussumieri",-0.0748169156348554,-0.0180241016760687,-0.0271225201808221,0.0234808293545691,0.0474985073281687,-0.0566193060416048,-0.023230834479902,-0.0279563001251138,0.0259178538018622,-0.00217309123461446,0.0298421238717052,0.0226422961803438,0.000629454982127338,0.00232867912053459,0.00442988377033352,0.0187073674457152,0.00393806484819037,-0.000951305751389201,-0.0108837244455322,0.00573849936758973,0.00281077105117798,0.00298747447151685,0.0132784833582082,-0.00793890669439319,0.00755502385280676,0.01051684807662,0.00396929085941607,0.00138465076750989,-0.00697907489410091,-0.0063492499589892,-0.00346312378810132,-0.00514124786697498,0.00133730371904831,0.00224196180641882,-8.29277012285303e-05,1.34115808736457e-15,-7.50267903359969e-17,3.04877650902924e-16,2.42861286636753e-17,8.10983225019157e-17,-1.07444435293313e-16,3.7621815385247e-17,"fish_&_cephalopoda"
"9","Carcharhinus_falciformis",-0.090023683136909,-0.0149622806836485,0.0590565950465819,0.00284131092601332,-0.00257036182311713,-0.0562203488510253,-0.0148441944577604,-0.0100998373468153,0.0162412023420358,0.00439970096067965,0.00320705917368284,0.00263125249596802,0.00380771548579513,0.00763577992677679,0.0111414639951687,0.0120046046979026,0.00960307184527167,0.0026472105986869,-0.0128200844646376,-0.00513740273479727,0.0107467636343952,-0.00956584625422457,0.0167813744416924,0.00103540552480074,0.00661244004932986,-0.000908257912277896,0.00153057307444394,0.00337087769411555,0.00348678807942496,-0.00342776839929318,0.00512533729318929,-0.00238537437574389,0.0079534134248953,-0.00311553820645355,0.000710064132266882,-2.31965054803274e-15,-3.74808691028239e-16,2.12503625807159e-17,-1.65666091955785e-16,1.17093834628434e-16,-5.14453930844372e-17,4.11996825544492e-18,"fish_&_cephalopoda"
"10","Carcharhinus_galapagensis",0.0198926417578609,-0.102184950800039,-0.02048870207353,-0.000415443910337388,0.0560105683010967,0.0148877182995142,0.0113660073022112,-0.0356345805857133,-0.0194087343528838,-0.00561216064592406,-0.0342103845089521,-0.0440943385213563,0.00627148570352701,0.0051225858796972,3.04253625787191e-05,-0.00284017127125786,-0.0192108851510356,-0.0139273621039825,0.0276328034316357,0.00208497577213526,-0.0156836213336608,-0.00675820764906866,-0.016327169452122,0.0193041340376398,-0.00311878082281544,-0.000657816296908123,0.0187583597207407,-0.000941302204106837,0.00788863765848432,-0.0112707026538882,0.0104403813134607,-0.0123091480167179,-0.00598689956331124,0.00226249385297918,0.00414147831288492,9.6710833785707e-16,-4.1286418728248e-16,3.3133218391157e-16,-7.45931094670027e-17,2.86229373536173e-17,-3.10081821330854e-17,-3.53449908230274e-17,"fish_&_cephalopoda"
"11","Carcharhinus_hemiodon",-0.0991962101094511,-0.042422399941459,0.0100058082948935,-0.026093043620524,0.0060853607066606,-0.00329702435292957,0.0281037168173187,-0.0220593121728046,-0.0169927852043647,-0.0122988612792823,-0.0286605692086902,-0.00449134849198159,0.00957859132176276,0.014082520374303,0.00404997655452531,0.00196952023604995,-0.0062473617876701,0.00531138527563628,0.00244506458608645,0.015856609293291,0.00438570167046233,-0.00474233151642738,0.0126558919146385,-0.00308660197453866,0.0204767179544646,0.00108922013542643,9.93734950606043e-05,-0.000833710040521329,0.00276503138303183,0.000815937130530431,-0.00583623646422226,-5.8886735069424e-05,-0.00268970806149437,-0.0016821816936119,-0.00537451182398421,-1.4432899320127e-15,7.93635990259389e-17,-9.35015953551499e-16,-7.11236625150491e-17,3.55618312575245e-17,-6.94973592563208e-17,3.57786716920216e-17,"generalist"
"12","Carcharhinus_leucas",-0.0536621564737965,-0.0496194167764117,0.0119348881352994,-0.018112905934933,-0.00594014664410072,-0.0209748187185494,0.000755360073014573,-0.0176503760400002,-0.0349747796137925,-0.00411198960539626,0.0120532695034364,-0.0108382941579663,0.0300984688505134,0.0156331225997668,0.0032607466602621,-0.015713579081299,-0.0129193211554614,0.0327133305333249,0.0111631845945691,-0.000900204693409016,-0.00312866528836576,-0.0134676139347341,0.0141754318793924,-0.00798180433876118,-0.00179808376793549,0.00231272239276192,-0.000592796839651612,0.00175346969110652,0.00699328253655996,0.00503717611407572,-0.00456911540040873,0.00395857981615745,0.000373093453897633,0.000957359388594503,-0.00119644544969124,6.90636783873266e-17,-3.83265467973626e-16,-1.0245710529988e-16,-2.86229373536173e-17,5.31259064517897e-17,3.69306365002875e-17,4.23923049441832e-17,"fish_&_cephalopoda"
"13","Carcharhinus_macloti",-0.00247457958250192,-0.0127173229438342,-0.0216717559322345,0.0510753844933251,0.0150762777134638,-0.0560658241085995,-0.0131495222815501,-0.0167401757112404,-0.0413767756615797,-0.00780764243925638,0.0059756611733082,-0.0195675993159705,-8.73175353848116e-05,0.0270108992004931,0.00164940506613092,-0.0210663684514142,-0.0101266703505246,0.000520662460461687,-0.0119319032838406,-0.00826325567425838,0.00647723895563605,-0.0136513907922862,-0.000553113411808407,-0.000489286889774869,-0.0248621938433251,-0.00145144274457691,-0.00384118766257057,-0.00653390611722916,-0.00298009939270903,0.000959729552160594,0.00279835189318049,-0.00519222036916605,0.00429332846193167,0.000627820923195149,-0.00221839166391222,2.05933360641897e-15,-3.1485231088979e-16,-1.59160878920872e-16,-1.50053580671994e-16,-5.3776427755281e-17,-6.92263087131995e-17,3.90312782094782e-18,"fish_&_cephalopoda"
"14","Carcharhinus_melanopterus",-0.0819129754162812,-0.0688434018578227,0.00121394254114372,0.0228464946445294,0.0255752277451091,-0.00705957420720726,0.00219581834451887,-0.00889797395804082,-0.0175768193384752,0.00825173527649195,-0.0195464918219099,-0.00345800825389704,-0.00576924824224115,0.0152556461880256,0.0203488135440475,-0.00902763364289167,0.0115117756648242,0.000958331394183641,-0.0077853060024595,-0.00645770887325706,0.0144271164229318,0.00408015790897821,0.00841478996245414,-0.0115588548215579,0.00945490042050286,-0.00670581356504581,0.00245625926435826,-0.00202832862287589,0.00602286393802474,-0.00474023580417881,-0.000159486008775557,-0.00266979649357182,0.00276228771677219,-0.00737011989909161,-0.00253861769105198,-1.66555137737223e-15,-4.07009495551058e-16,3.07262895682392e-16,-2.95770352654046e-16,-1.98625837999344e-16,-7.57044166938003e-17,6.38595079593962e-17,"fish_&_cephalopoda"
"15","Carcharias_taurus",-0.0506179975406289,-0.00970219265113268,0.0214774030791848,-0.0422813298210949,0.00347939183874312,-0.0460038026381725,0.00785777680613292,-0.0435149519583765,-0.0129231019849533,0.00821310690047683,0.0380271737838776,-0.0148963524742075,-0.00501151442118976,0.0128086596904384,-0.0030539196273192,0.0368087183626115,-0.0163383584059778,-0.00836338734962897,0.00811173512068098,0.0238677749677022,0.0182325886054936,0.0253996672287456,0.00260553508394784,-0.00124504928916418,-0.00762352429612866,-0.0051752292525125,0.00508519347738685,0.00637040342890957,0.00711860624147234,-0.00115093585318785,-0.000561469543479821,0.00139505930054533,-0.00222969305706627,0.00246410944460438,-0.00274919204941348,-2.09901540593194e-16,-8.32667268468867e-17,4.33680868994202e-17,-1.11022302462516e-16,-1.69135538907739e-16,-5.37222176466567e-17,-4.22838847269347e-17,"fish_&_cephalopoda"
"16","Carcharodon_carcharias",-0.00260188053173235,-0.135726567436982,0.0678713483591838,-0.0635310500604028,-0.0404628644069202,0.0340903675063406,0.0268906503257229,-0.0537386290684273,-0.0441898180864095,-0.0219648122073265,-0.00928416809341408,-0.0445804492480069,-0.00487166221858003,-0.011260907345016,0.0347159375884575,0.000762126711443087,-0.0075932051763232,0.00316978778625951,0.00684229459801565,-0.00435043620154093,-0.0126570793491441,-0.00865864310717838,-0.00801548400569682,-0.00980806190710373,-0.00214375322547983,0.000785295309780366,-0.00291463279512963,-0.00774496776011496,-0.00539427475698979,0.00756967354639504,0.00246748883973746,0.00422031624540826,-0.00477947191645853,0.00255128558106386,0.000347465897656362,-1.15012166457262e-15,-9.10729824887824e-17,-3.58220397789211e-16,-4.5102810375397e-17,6.93889390390723e-18,3.38271077815477e-17,1.51788304147971e-17,"fish_&_cephalopoda"
"17","Centrophorus_uyato",-0.0246857395008337,0.0190640002406346,-0.100857991491023,-0.0626435512211818,-0.0402635030808529,0.0307581898397399,0.0161209300583232,0.0275308872287028,-0.0409634586657242,-0.0249818268934119,0.0033139621113722,0.0232912605103305,0.0191805163993844,0.00805842516802989,-0.00620311503630722,-0.00505655654009588,0.0103249335593299,0.00547306841449045,-0.00394516933391565,0.0100651701860635,-0.0111488530438463,-0.0144953800181889,-0.00421442818404055,-0.00814073021881004,-0.00961027410178027,-0.0139229096378582,0.0115655916243242,-0.0043006071187555,0.00301091028513037,0.00789684269173193,-0.00213413842817627,-0.00399836547402204,-0.00557502524794167,-0.00153799713227869,0.00285845867294936,2.22760178358872e-15,4.71627945031194e-16,-1.85398571495021e-16,1.27502175484295e-16,6.11490025281825e-17,-2.96800344717907e-17,6.04984812246911e-17,"fish_&_cephalopoda"
"18","Centroscymnus_coelolepis",0.0190170901976687,0.0377191537746359,-0.187587990511416,-0.101709780457002,-0.0292597578216018,0.0120766991134656,0.0318267196578059,0.0192200234150278,0.0398471418500023,-0.013691839428308,0.0275989125909951,-0.00664054026183197,-0.0379035728742896,-0.0023954719475036,-0.0466239877774786,-0.0170353446441386,-0.0196610003757979,-0.0169430706696151,-0.0173556475239517,-0.0105550042105116,0.00238955146252968,-0.0138780483529347,0.00732651358779247,0.0225077958408268,0.00162404821581387,-0.000188148571356203,-0.00044715873392065,0.0084319635582764,0.0250571521123772,0.00528935406566158,-0.00440947213420599,0.0111934837185736,0.00369157041053696,-0.00317411861200302,0.00587023224315554,2.73294841618421e-15,-1.08528637465799e-16,2.13587827979644e-16,-2.98589278302508e-16,-4.70543742858709e-17,8.32125167382625e-18,3.09539720244612e-17,"fish_&_cephalopoda"
"19","Cephaloscyllium_ventriosum",-0.0560028291500041,0.0463119700137559,-0.00555072500378496,0.0787779805068475,-0.0252885613091728,0.0891232773531121,0.0225817124930984,0.00750441054071982,-0.0460508329452592,-0.00527833907281962,-0.0447057245142642,-0.00708791879012276,-0.0212881441378081,0.0214763086166271,0.0119854913080997,-0.00195898575449112,-0.00375161580664436,0.0188930240816814,0.00362079392172406,0.017335825431215,0.0233978692145104,-0.00533571500883644,-0.0130830175103496,0.00456956553116683,-0.00520525925080955,-0.00349464390632944,-0.00202544473919846,-0.00216594381568343,0.00762629489852047,0.00383312521250068,-0.0107224081242639,-0.00188786563092693,-0.00720265525011228,0.00027550909702703,-0.00239622271312491,8.04694852418741e-16,-5.07406616723216e-17,4.64038529823796e-17,-1.47451495458029e-17,1.54390389361936e-16,3.00866102864727e-18,8.78203759713259e-17,"fish_&_cephalopoda"
"20","Cetorhinus_maximus",-0.184658884340412,-0.00741028525947401,-0.112948935747346,0.0216103059470278,0.0260940191688165,0.0322429407461716,0.0239113475537366,0.023643946264096,-0.0205530617385164,-0.0333804327109813,-0.00781339638312639,0.000638026435225249,5.63195364931748e-05,-0.00357178461766663,-0.0281132603526948,-0.00680366505596827,0.0102323860956254,0.00571814861477374,-0.0131117162909123,-0.00778901844544516,0.0159613492711146,0.00720909129655493,-0.00135104559780798,-0.000709207882549094,-0.00648200459843817,0.0137474886138586,-0.00376639105903059,-0.011316192957774,-0.00602638926514078,-0.00019471298424675,0.00633892445567252,0.00352234781903451,0.0053246789871991,0.000231541655656759,6.43008806526112e-06,-2.73652628335341e-16,-2.64111649217469e-16,8.10983225019157e-17,1.52655665885959e-16,2.91433543964104e-16,-6.51063404577545e-17,4.81385764583564e-17,"zooplankton"
"21","Chaenogaleus_macrostoma",-0.0045926549866137,-0.0282212463068898,0.00637272540039743,0.0634975484582832,0.0385188350289168,-0.0482125355114179,0.00659246074193612,-0.0409561573358949,0.0702073862930268,0.00079074578932269,0.00892274073844608,-0.00533687665020997,-0.0241200931442931,-0.000267939348184315,0.0046961573840528,0.0295559330602258,-0.000405117786231526,-0.023949166888173,0.00506485810855755,-0.0153218791288656,-0.0247957322365008,-0.0229096572731199,0.0116477420259106,0.0127669632567249,0.0114271331620998,0.00769686409539662,0.00517415707243699,0.00189483805266175,-0.0016542437869861,0.00550511036444052,0.0078104361027053,-0.000208768200974314,0.00231149297582767,-0.00591466642553599,0.000770702933685367,2.31195271260809e-15,5.70290342727375e-17,-8.33534630206856e-16,-1.92554305833426e-16,1.05818132034585e-16,-4.11454724458249e-17,-1.20129600711394e-16,"generalist"
"22","Chiloscyllium_arabicum",0.188314948994792,0.00525915788289795,0.0167220964214663,0.00109829758274537,-0.0275213024953783,-0.0182391334165558,0.0021139686505449,0.0142089611135927,-0.00156728620544428,-0.0524370251785391,-0.0337467102475777,0.0111926162361766,-0.0060924562314975,-0.00427217249069353,-0.00377998701908878,0.000188411863830282,0.0116011937754807,0.0115972927762371,0.0105326678279011,-0.00568002233581621,0.0163962720084231,0.0037555648681106,-0.000930647073152758,-0.0215905842467584,-0.00210868563256655,0.000346404265939483,0.000591978232659156,0.000293423904561953,-0.00368816922442041,0.0105345851657192,0.00705317244656118,0.00667439744508163,-0.000440976311148403,-0.0046320975273048,-0.00144141265245641,-9.33064389641025e-16,-2.88614618315641e-16,6.4401609045639e-16,-8.67361737988404e-17,-6.98226199080665e-17,1.56667213924155e-17,1.73472347597681e-17,"generalist"
"23","Chiloscyllium_griseum",0.206824709284407,0.0475628515634536,0.0790621289452961,-0.00483979100679704,-0.0328277506799331,-0.0272457829101606,-0.00885150467175214,0.0145220133246246,0.0289968455162341,-0.0372769690604158,0.000712497749497637,0.0146042987438173,0.00327581920231487,-0.00122521561505418,-0.0119977728432188,0.0320318226760707,-0.001763773543418,0.00365497187882178,-0.0120264865906867,-0.0156802109364591,0.0040127579640648,0.00777418977895808,-0.00976627145182976,0.00126681858916038,0.00338929751708559,-0.00804440002537483,-0.00255627689121811,-0.00184533148153673,0.00433503447598041,-0.000928341563148766,0.00541697012813054,-0.0031723670529208,0.000182614760245087,-0.00107110544202142,0.00145790587631129,-2.76677552396576e-15,-8.66494376250415e-16,5.70290342727375e-16,-1.73472347597681e-17,-3.20923843055709e-17,-3.96817995129695e-17,-5.74627151417317e-18,"generalist"
"24","Chiloscyllium_hasseltii",0.239050060831088,-0.00539970765575537,0.0317352457800198,-0.0384030160617048,-0.0306186159183506,-0.0180898705727885,-0.0281635537899047,-0.00748687476661274,0.0129150884188558,-0.0374084654731304,-0.0190418577159066,0.0317063295517871,-0.0100587082476127,-0.000746723340382074,-0.0364189785542865,-0.0154615660847676,-0.000467055298278376,-0.00514412631318884,0.0385315793426116,-0.003019803320393,0.0246697797748424,0.00608195615547061,-0.00968786430808923,8.85902139369601e-06,0.00510307074999283,-0.0091573965612889,-0.00168565998761371,0.0107632971791289,-0.00563116348297753,0.00334068193389082,0.0107193139255905,-0.00639739075705246,0.00120613150018029,-0.00286675358573401,-0.00267247994161168,1.37541887601511e-15,5.39499001028787e-16,-8.35703034551827e-16,-2.60208521396521e-18,-1.17093834628434e-17,-2.64274279543342e-17,-5.908901840046e-17,"Soft-bodied_benthic_invertebrates"
"25","Chiloscyllium_indicum",0.181731104826427,-0.0163991978911007,-0.0665995740110097,0.0504882423684794,0.0410524903916661,-0.000770948598571579,0.0540318325868859,-0.0449768785735949,0.0448145744066666,-0.0121527778610808,-0.00717407140647696,-0.0188354460759125,0.0630163531414461,0.0106762580100495,0.0368537596795201,-0.00344307818016982,-0.0177710254966271,-0.033406533957511,0.0141175907202023,0.00383901421008858,0.0273139995639243,-0.0260521625411849,0.00207328983667251,-0.0131240292443158,-0.00960172229196062,0.00135032743966848,-0.0165723289146592,0.0046580096818745,-0.000477153663702905,0.00833205656026814,0.000405742990095765,0.00733241634299918,0.000571855062811693,0.00530462648490238,0.00534474528240471,-2.91823856746198e-15,-7.29017540779253e-16,1.50053580671994e-16,9.06393016197882e-16,1.56558793706907e-16,2.55329611620336e-17,-3.55618312575245e-17,"fish_&_cephalopoda"
"26","Chiloscyllium_punctatum",0.285578719550704,0.101416485374282,0.00696404193640152,0.00803753148333046,-0.0601186503617797,-0.00948925593473891,0.00305768427465949,-0.0147692849254127,-0.0234000992961814,-0.0123115826332267,0.00565029583222741,-0.0289480456245148,-0.0177707417764011,-0.0193345889089129,-0.00184021980649607,-0.0218496103219974,0.0254381800129597,0.0138833968637903,-0.000825010328437635,0.00847023519008228,0.0240356833655084,-0.0134963506659816,0.0151496062356483,0.00405986828419929,0.000179099141195506,0.00247090521465004,-0.012706282771654,0.00335346366733982,-0.00110970894418727,0.000136391239584113,-0.00132108880948763,-0.000569176911627138,0.00138537580996128,0.000625156779887603,0.0018069775457152,1.39970500467879e-15,-2.7300210703185e-16,6.87167336921313e-16,-3.46944695195361e-17,9.80118763926896e-17,3.94107489698481e-17,3.25260651745651e-18,"Soft-bodied_benthic_invertebrates"
"27","Chlamydoselachus_anguineus",-0.187995979010171,0.0432855795414756,-0.00686759569556909,0.0512744767831887,-0.0090610757540081,0.0901879598190107,-0.0513268744166888,-0.0395352427573702,0.0215144044783961,-0.00925927385474505,0.0301208068636192,-0.0122076100377744,0.025210872504366,-0.0104921618160532,0.00296455228110781,0.0121691908051032,0.0404297836623871,0.0138170196388963,-0.00386949853705502,0.00680481218692078,0.000621244513342896,-0.0020838807799588,0.00595577547099643,-0.00680261813107213,0.0105512829416998,-0.00342738719342189,0.00124107418186791,-0.00250564077387469,-0.00137840193588011,-0.00186331330763326,-0.00974606975835583,-0.0137791378992912,0.00570111320842442,0.000145200192496768,0.00246213273873656,-3.52365706057789e-16,-2.94035629178069e-16,2.19659360145563e-16,8.8037216405823e-17,1.65015570652294e-16,-6.65158032819857e-17,2.63461127913978e-17,"fish_&_cephalopoda"
"28","Dalatias_licha",0.129006327353722,-0.101064232504488,-0.137015439416589,-0.183230786525961,0.0245475343702942,0.0920329131856372,-0.0380060124580179,-0.0304069520207405,0.023451536590964,-0.0178992165778578,-0.0101192273441524,-0.0392053649860704,0.0295531724589587,-0.0136173840463928,-0.00704737098111273,-0.0313022814692655,-0.0233024959669729,0.0372324054789582,-0.0247589049639551,-0.0317098018589503,0.00293530633698836,0.0066027137987666,0.0287335466685241,-0.0074513231075222,0.0234206191919998,-0.00974836411539942,0.00353153338085609,-0.00573836793087737,-0.00120154354103601,-0.00328397910963712,0.00788182910861798,-0.000967172835672639,-0.00204625342057887,0.00646268150711303,-0.00102638433913531,-6.50521303491303e-17,-6.63098048692135e-16,3.4477629085039e-17,1.04083408558608e-17,3.51281503885303e-17,-5.36680075380325e-18,1.59377719355369e-17,"fish_&_cephalopoda"
"29","Deania_calcea",-0.00259426882735868,0.0315693900277466,-0.107565350380175,-0.0226074345923686,-0.0899689615233702,-0.0145517854934963,0.0387468214929614,0.0150759560348023,-0.0558198164823081,-0.00783997563846392,-0.00793743569568164,0.0163885490908533,-0.0306964260067593,-0.0057839111265446,0.0324342309193828,-0.00927165422104373,-0.00709093539870654,0.0195894512008924,0.00283074693381669,0.00257157966693602,0.0114313753563274,0.021842559041941,-0.0139369149443945,0.0067931590983111,-0.0121341941125173,0.0111776273664191,0.00378976239146483,0.0050340891164723,-0.00672417058342615,-0.00691777728074495,0.00221000865373911,-0.00740540011547978,-0.000753968193639871,0.00214554436857327,-0.00440625935330004,-1.34983170474445e-15,2.55004350968591e-16,4.47124975933022e-16,2.09034178855205e-16,5.76795555762288e-17,1.79977560632594e-17,2.34187669256869e-17,"fish_&_cephalopoda"
"30","Echinorhinus_brucus",-0.088034962792368,0.0757330106440418,-0.0347058845540409,-0.00464874802885609,-0.0251891852618222,0.0467920652860613,0.0165913425251853,0.0473167554802537,0.0124476570877396,0.000541343092060653,-0.033820661164884,0.00240455629054919,-0.0288458053691496,-0.0242104411159784,0.0267669094287762,0.0242327612589824,-0.0222848490177912,0.0160143763074445,-0.0139173780819247,0.0259019055723595,0.00890658727438736,0.0111101417995456,-0.00350872564619041,0.0105026186495786,0.0008712361485698,0.004167777348969,0.00251961500171619,-0.00472401994996933,-0.00450121482461348,-0.00299327750871131,0.0142096689886951,-0.00954949723180222,-0.00084295933901049,-0.0011003915448626,0.00373074278231628,-1.62847166307323e-15,1.6002824065886e-16,2.89265139619133e-16,1.16226472890446e-16,-7.28583859910259e-17,5.26380154741712e-17,8.23993651088983e-18,"decapoda_&_mollusca"
"31","Etmopterus_spinax",-0.0693871626820325,0.0880147121227728,-0.223890383231419,0.044670908178745,-0.0801275201559782,-0.0146223643522833,0.0307800635157645,-0.00717128842135914,0.00189325105157645,-0.0556351920947236,0.00792447751014133,-0.0177178744817825,-0.0272072341508677,-0.0200570688945592,-0.00559373651534713,-0.0348525604843334,0.00775523428297259,0.00227519092204616,0.0101732170766668,0.0317011576004566,-0.00288541581792819,0.0114722510446443,-0.0103500399917116,0.00372250068105891,0.0153314170688666,0.00551394758692625,-0.00118788951724367,-0.00112608200451098,-0.0042907208258685,-0.0037533480858496,-0.00660129010655343,0.00798676773315504,-0.00277046544199838,0.00105290154752935,0.00178729801513454,-5.51316804708879e-16,-2.68882138776405e-16,-6.19513121358217e-16,-1.99493199737333e-17,7.9580439460436e-17,8.5489341300482e-17,-1.29020058525775e-17,"generalist"
"32","Eucrossorhinus_dasypogon",0.144000794447599,0.0808382990962426,-0.0335314596213258,-0.0253165261784251,0.189602580387285,0.00546977975299288,0.0844547704619169,-0.0299217967004674,-0.00683530387237027,0.0280404594850629,0.000663007447626128,0.000132387218217078,-0.00648637785310268,-0.0114902226685963,0.00825500156734251,-0.00202261877200682,0.0135356865462593,0.00158738114017963,-0.00630627154288502,0.00396898987179865,-0.000206047506918031,-0.00179908061845305,0.00628412443536798,0.00485924183413671,-0.000225080416913061,-0.00491657285624903,0.00590364001164006,0.00652309632277713,-0.00418061449977383,-0.00404825001460614,0.00226119175595221,-0.00195098339007805,-0.00100264679407497,-0.0059081783802069,-0.0043452103057834,5.13911829758129e-16,-6.1105634441283e-16,-6.24500451351651e-17,-2.98372437868011e-16,2.87096735274162e-16,3.07371315899641e-17,-5.87637577487143e-17,"fish_&_cephalopoda"
"33","Euprotomicrus_bispinatus",-0.0103379181598591,-0.138341276418282,-0.0661149283481471,-0.0357981807936799,-0.00955776424855466,0.0204875933090332,-0.161174311894862,0.0278505466860884,-0.0660578870491198,0.079467163422913,0.0235726298099016,0.0329033359841904,-0.0365161135624843,-0.0452110721748375,-0.00469176607486359,-0.0164042290930837,-0.0181594936341366,-0.0470236319337435,0.0155130286783245,0.039218071045759,0.0019567830796597,-0.0318419121962089,0.006583598816663,-0.0186267460120196,0.00657984962126404,0.0071642921325578,0.00295510925780171,0.0163039493719819,-0.00536986748325568,0.00606441507769403,-0.00188965454218703,-0.000421165675731117,0.00245918021172537,-0.000548245612718627,-0.00220601913420924,-8.76035355368288e-17,-2.59427895832332e-15,-5.07406616723216e-16,-3.46944695195361e-17,3.98986399474666e-17,-6.21247844834194e-17,-7.11236625150491e-17,"fish_&_cephalopoda"
"34","Eusphyra_blochii",-0.133226349127748,-0.00821271681844741,0.00420786437478768,0.0178761070778255,-0.0165943871540774,0.0353864686938474,0.0423511152058528,0.0154040744306052,0.0234910004467231,0.00722702789205566,-0.009501250624509,0.00755101687813527,-0.0160884401660331,0.00118703306733344,-0.0191749356963829,-0.0182948291117517,0.00127296788442661,-0.00360962528878058,-0.00513185282545164,-0.00869248522039825,-0.00990895360085515,-0.0135330392443818,-0.0042304571505577,-0.0108510692051989,-0.00450607105013961,0.00512060227769531,-0.00344508452281386,0.00768680579430659,-0.00672799193729475,-0.00659473193520241,0.00174177972351754,0.000732319221245736,0.00164546714240762,0.002226186759599,-0.00376694158722382,-1.47223813001807e-15,-2.0194349664715e-15,1.02663103712652e-15,-1.62196645003831e-16,-3.33934269125535e-17,-8.00547779108984e-17,2.05456311686003e-17,"fish_&_cephalopoda"
"35","Galeorhinus_galeus",-0.0739079460511504,-0.0230257204779488,0.020104173043744,0.031412890314177,0.00281668263673443,-0.0191337214939477,-0.017525293163894,0.0235311898293825,0.00252289019122033,-0.0160584529145651,-0.00288802899852245,0.0320572428132656,0.00814728197520764,0.0220029430524413,0.0311587761634917,-0.035274797829753,0.015126652734426,-0.006566864709571,0.00705582788497584,-0.000261317019397896,0.0020488794032806,-0.00653806153508107,-0.0153494760588097,0.00903299909976901,0.00726740203091907,-0.00375939569526372,-0.00784281532811402,-0.0109546511454138,-0.00130476052813102,-0.00475976743499814,-0.00161264842768563,-0.00195059022777378,-0.00142052117172046,-0.000885528868795765,0.000121629450976611,1.20780122014885e-15,2.22044604925031e-16,8.23993651088983e-17,1.90819582357449e-17,2.16840434497101e-17,-2.16298333410858e-17,3.92481186439753e-17,"fish_&_cephalopoda"
"36","Galeus_melastomus",-0.0538446762563733,-0.0320514373345064,0.0706753016464204,0.0131551629962097,0.00659304998909021,0.080718786247614,-0.00583342897060926,-0.00674115195693632,-0.0903336092056324,0.00231971323222977,-0.072077892236148,0.0860811865919213,-0.0159971079789606,0.0111517867804668,-0.0010095152257404,0.0166525213032277,-0.024550324868222,0.0268646979267044,0.00183909119831226,0.00928771371895814,-0.00795510927141594,-0.0105456329122325,0.0210310940842104,0.0157590462908427,0.00490099441055463,-0.000816145051154578,-0.0027723744469317,-0.00347034762732031,-0.0132492408025429,0.00352909601770614,-0.00438010429973775,-0.00100934180344859,0.0104270943345312,0.00263378750240625,0.00242354119878761,-1.01421692225157e-15,6.67380647273452e-16,-7.10694524064248e-16,1.92771146267923e-16,-1.36284213081428e-16,-4.51163629025531e-17,8.70072243419617e-17,"generalist"
"37","Ginglymostoma_cirratum",0.220893777505194,0.0964784139366362,0.0300818213106787,-0.0274450688825333,-0.0457818576642938,-0.102111084957302,-0.0435119716362111,0.000685803398618379,-0.0168038577435123,-0.0389118528990074,-0.0137233857886421,-0.0203397619714173,-0.0094135448377028,-0.0153970012018176,-0.00270304052678735,0.00372559795991982,0.0210159005826201,0.0116756142102437,-0.0461289606813378,0.00464265776740648,-0.0225303255352164,0.00430765572843075,-6.88629052584662e-05,0.00681212629178714,0.00547849820645785,0.0107352805870501,-0.00788427597960135,0.0115199813145038,0.000817008928171344,0.00780408578451991,-0.0067605010070518,0.00209896122864835,-0.000839807711589539,0.000512274649760918,-0.000262050910223027,-2.14910554630077e-15,5.91540705308091e-16,3.66243493865603e-16,2.92300905702092e-16,-3.81639164714898e-17,1.42843636224965e-17,-5.68121938382404e-17,"generalist"
"38","Halaelurus_buergeri",-0.00663749022195718,0.0977024790917763,-0.02903050515942,0.133877462413799,0.0317066152009272,0.00994535767622619,-0.0364933679668504,-0.0270108520910693,0.0174024964477469,0.0028587046602413,-0.0152717550625076,-0.00531985310446834,0.00536891009838576,-0.0376717083004174,0.0193049588722182,-0.0209586749361814,-0.0262885386851456,0.00552883805101689,-0.00182036830760186,-0.00579735368150087,-0.013882298444112,0.0247471696790604,-0.00675625042982219,-0.0253313102976214,0.0123497499837432,-0.000725904300689727,0.000980877574358865,0.00991059238164238,0.00102967582882342,0.017598811018873,0.00273005337158778,0.000915119917068662,0.00173888708085231,0.0012759558861347,-0.00186284899665322,-3.09821612809458e-15,9.72312508285e-16,8.23993651088983e-17,-2.94902990916057e-16,5.03069808033274e-17,1.01915004213637e-17,-2.51534904016637e-17,"fish_&_cephalopoda"
"39","Hemigaleus_microstoma",0.0839069445478489,0.0325716472343307,0.0211532984044109,0.0563407861226401,0.0355080537060444,-0.00402760908776015,0.00362616502657728,0.0233172095814425,-0.0260611223581014,0.00710467625346028,0.0170881243148851,-0.0267574680271839,-0.0442153023949327,0.02996218442013,0.0176079080457169,0.0184049908035866,-0.0283706677557725,0.00768528546170712,-0.00375937674683701,-0.007698703684761,0.00899862295317032,-0.00727497029963399,-0.00171749110078506,0.00721151385830109,0.00970935809726438,0.00471128266818885,0.000274954458151132,0.00380499078787128,8.78600864177599e-05,0.0100692284441672,0.00973590423855787,0.00066971972521436,0.00188387559300619,-0.00169287765302947,0.000345539128974212,-3.99120569493511e-15,1.49544005650926e-15,1.96111844211894e-16,-2.39120789141678e-16,-5.29632761259169e-17,-4.93947263191345e-17,-4.14029704617902e-18,"fish_&_cephalopoda"
"40","Hemiscyllium_trispeculare",0.226389627233285,0.00563532941194985,0.0778242903551841,-0.0372742486616484,-0.00735212981830832,0.0494567467690473,-0.00923191479548883,-0.0377522208849128,0.0391769047661343,-0.078938636025498,-0.0322503144587891,0.0102431800278263,-0.0136474943203008,-0.0208981649872586,0.0173970790906694,-0.0147298076740152,0.00497761176596421,-0.00804456400364006,-0.0085223720560431,0.00335708364702812,-0.00336294909047047,-0.00691416720376237,0.00405131587863893,-0.00938053054048708,-0.0104552481701559,0.0079757774973356,0.00279676078963112,0.000646723266592262,0.00410542458678742,-0.0186363955196129,0.00730397386312388,0.00563664368025571,0.000700489453726939,-0.00242064260232318,0.0044190368433989,-3.81162115759004e-15,-1.97411531566161e-15,-5.63785129692462e-16,-1.38777878078145e-17,-1.56992474575901e-16,-5.25295952569227e-17,-2.21177243187043e-17,"Soft-bodied_benthic_invertebrates"
"41","Heptranchias_perlo",-0.112586873468444,0.0828844842413837,-0.122195591048549,0.0735783535144649,0.0276637282456929,0.0819183795277787,-0.0603199983479799,-0.0426510576059794,-0.0144733390284237,-0.0750323598915504,0.107449839994081,0.0233692093149409,-0.0128055748867517,-0.00476222910198835,-0.00312362129631237,0.0256076017455866,0.00511453308923225,-0.0157175255224923,-0.0112374384152142,-0.0216578707996974,-1.75990161050636e-05,-0.031068245042501,-0.0120226820157276,0.00607482772298053,0.00234070841392112,-0.0188238158130284,-0.014185986527591,-0.00426383432140928,-0.00725024798372583,0.000281660751871391,0.010477428716317,-0.00393147776722372,-0.000716095277103796,0.00317033782389663,-0.00150092061310457,-9.10729824887824e-17,5.20417042793042e-18,2.25514051876985e-16,2.77555756156289e-17,1.11022302462516e-16,7.96888596776846e-17,7.24247051220317e-17,"fish_&_cephalopoda"
"42","Heterodontus_francisci",0.119715193113796,-0.0425008608999664,0.14073677641679,-0.0349618426369735,0.0483165545490674,0.132815214748756,-0.0382476600887329,-0.0120275577916584,-0.00154902944495606,0.000362819066008609,0.0170971596873374,-0.0112271875969904,-0.037565217796303,0.0233472158189532,-0.0146733315110966,-0.0102465264583991,-0.00283847999157938,-0.00767602491583669,-0.0154949911146907,0.012788645309303,-0.00920201149803616,0.0169898677737024,0.0117954883024169,-0.0110639076442618,0.00191180461602114,-0.00753690660325658,0.00107128841133705,-0.0112324208312008,-0.00214228083676313,-0.0114084649584642,-0.000416461955115951,-0.00373215776057814,-0.001735364025486,-0.00243318771301452,0.00138638000737023,9.31546506599545e-16,-6.93889390390723e-18,-6.51388665229291e-16,2.09901540593194e-16,9.80118763926896e-17,-1.12485975395371e-16,2.84060969191202e-17,"decapoda_&_mollusca"
"43","Heterodontus_japonicus",0.0245608042413717,-0.106092113829093,0.0928295656278602,-0.0903511519862134,0.0540151402060209,0.125859004825537,-0.0491922777679838,-0.0282720506307597,0.0933895132870305,-0.0235151421584815,0.0203018455567007,0.0382184378204748,-0.0395374455271077,0.0415472290128043,0.00529302486165276,-0.0245374986768253,-0.00468439152445376,-0.00236547692967628,0.00873599505248371,-0.00456445669487846,-0.0207802368070368,0.0368535077459981,0.00853166521425967,0.0217492946666704,-0.00825282650242849,0.00504016748342735,-0.00965597443220426,-0.00386378548191501,-0.00807138338409014,0.00902799822877147,-0.00709193957173746,0.00259085631963546,0.00655247246308606,0.00161387085313366,0.000918392350721357,-1.49229587020905e-15,-3.3133218391157e-16,-5.42101086242752e-16,-9.36750677027476e-17,5.29090660172926e-17,-5.46437894932694e-17,7.19910242530375e-17,"decapoda_&_mollusca"
"44","Hexanchus_griseus",-0.0956367211345529,0.0645638523230977,-0.0578528609217384,0.0285592652977762,0.00711868711305482,0.025075653371541,-0.0031348719297908,-0.00847191024353876,-0.0192361188051436,0.0295912776400079,0.0317248330117168,0.0466300693313952,-0.0290361064364254,-0.0116636991306855,0.0139156709042696,0.0247367258633536,-0.0580926447636508,0.0160789333541921,-0.0303687120703847,-0.00750890977258815,0.00857031444161177,-0.00774822625889323,-0.0116626680554367,-0.00600429049389703,-0.0034115756407801,-0.00255933849139927,-0.0182982222965653,-0.00804855801578625,-0.00588911857071382,0.00284942789317748,-0.0106208712276789,0.00408713402407445,-0.000991274069934568,0.000385450419133285,0.000207247971802568,-9.6190416742914e-16,3.53883589099269e-16,-2.29850860566927e-16,-7.28583859910259e-17,1.04083408558608e-17,-1.03866568124111e-16,6.15826833971767e-17,"fish_&_cephalopoda"
"45","Isistius_brasiliensis",-0.0296354791482467,-0.166137889229349,-0.302606861263069,-0.0301475856275482,0.145391763516142,0.00807736730838019,-0.175279137661105,-0.0530242536937222,0.00902132374189353,0.0584172114704088,-0.145656317293604,-0.00359509451460579,-0.00401791182140925,-0.00576517861009598,0.00249712176296216,0.0618732222930121,0.0152074110625234,0.021498681509855,0.00740652347514183,-0.0122513539694206,0.00751334743407847,-0.000432056885792729,-0.0131577926588935,-0.000854179499346469,-0.015066434394799,0.00636498750472622,-0.0175126714062148,1.16302387222437e-05,0.0121353619648972,-0.00447814281277392,-0.00224432637999218,0.00393945156057064,-0.0059120577036018,-0.00268772139485363,0.000584652854803913,1.57339419271096e-15,-5.11743425413158e-17,2.69749500514394e-16,-1.94289029309402e-16,3.98986399474666e-17,3.51281503885303e-17,-8.19656842399041e-17,"fish_&_cephalopoda"
"46","Isogomphodon_oxyrhynchus",-0.130208426141189,0.036511215798846,-0.0465597282621838,0.0675907595543172,0.000839893016695732,-0.113200632829831,0.0167960276833201,-0.00663310598803372,0.0616519220628686,-0.0187632480098173,0.0105858771176462,0.0074728832539099,-0.0118022244574519,0.0121242171635224,0.0199616830241471,0.000535017281816663,0.0111763530195679,0.00235918943816112,-0.00633933157258686,0.00147555522453988,5.49909974705566e-05,-0.00647696540721075,0.0137273770226581,0.00780208841823179,0.00663223900766144,0.00662913460411912,-0.0033924090820876,-0.0056229946778843,0.00100025935822161,0.00155413265548475,0.00347358929304141,0.0010678462361221,-0.00451828620691345,0.00475170350236858,-0.00263655127276997,-1.50151158867518e-15,-7.64470951819529e-16,-3.75133951679985e-16,1.56125112837913e-17,-7.19910242530375e-17,-1.04503536900447e-16,3.93023287525995e-17,"fish_&_cephalopoda"
"47","Isurus_oxyrinchus",-0.0523402952935791,-0.0574814074398446,0.0380060201451428,-0.0253402502540433,-0.040321657887423,-0.0270766781931628,0.0339152574315001,-0.0642127097237479,0.0262746282286851,-0.0127093675459232,0.0558153821605896,-0.00100211799565068,-0.0152487733316667,-0.0206512009486337,0.030055306547371,0.0229149726909302,-0.0137572732527833,-0.00314814570886922,0.00667877883367957,0.00343497273401131,-0.000745674995256936,-0.00794448978569674,-0.0054691447452663,0.00782732258283976,-0.0131390499792589,-0.0110148756123035,0.000277529661556241,0.00267962837679354,0.00466595931524168,-0.000516066123642625,-0.00298818504584224,-0.00259955297243583,-0.00371536408711299,-7.82884042456705e-06,-0.000156891333103286,-8.44593492366208e-16,1.16199367836134e-16,-3.06639479433213e-16,-8.64109131470947e-17,1.14925430283463e-17,-8.83285957396784e-17,-3.76760254938713e-17,"fish_&_cephalopoda"
"48","Isurus_paucus",-0.0599823110052645,-0.0616440735898163,0.0234798240703954,-0.058673413317672,-0.0335690964755425,-0.00487766789386051,0.0258677492694874,-0.0489625900369673,0.0282046752086721,-0.00604827080205638,0.0373918898914713,-0.0107373592210018,0.00237337696646887,-0.026404633452623,0.0210211732934647,0.0188458315382852,-0.0071829484082099,0.000801226623440532,-0.00658109109233287,0.0177409531801573,-0.00313311076000527,0.0103994916961631,-0.0111906140354181,-0.0045060585915207,-0.00535884299065449,0.00506429791373321,-0.00627669903792952,-0.0013120459685891,-0.00294097940261262,0.00385930517589647,0.00430637049850673,-0.00271182478233305,-0.00235210726184493,-0.00111576397944164,0.0029020336383674,-1.22384741230164e-15,1.97758476261356e-16,-3.06395533944404e-16,-1.88217497143484e-16,9.36750677027476e-17,-2.45571792067967e-17,-1.6154612370034e-17,"fish_&_cephalopoda"
"49","Lamna_ditropis",-0.0500452692623339,-0.103876488636035,0.0125803944933862,-0.0339755334734114,-0.0134671666769516,-0.0101358565676729,0.0108141145140031,-0.0312741645044647,-0.00018868257269021,-0.0271159643339761,1.3990877072074e-05,-0.0133398753428141,0.00358359771618021,-0.013053801628684,0.00516779634241736,-0.00227512455099789,-0.0129753094366868,0.0153764882892491,0.0123443442937455,0.00155076032121355,0.00460581488664558,0.00832384522609651,0.00309359039944545,-0.0176999700696365,-0.00490441171061407,0.00924418158140757,0.00384974956268246,0.0011325263113266,-0.000954864135672387,0.000756946333560809,-0.00767196524014715,-0.00231859927064834,-0.000769159425883702,-0.00202884510823256,0.00211041497373477,1.17635935714677e-15,5.06972935854222e-16,1.69135538907739e-17,2.16840434497101e-17,9.54097911787244e-18,-1.07823906053683e-16,-4.22838847269347e-17,"fish_&_cephalopoda"
"50","Lamna_nasus",-0.081692722104166,-0.0734104216239766,0.0255553917602834,-0.0682584618927769,-0.00807656264484608,-0.0196805549642999,0.0245514897689691,-0.0359406143078703,0.0112974964971632,-0.0191195708700748,-0.000509860718408028,-0.0151822882880587,0.0211357190266814,0.00157172430482222,-0.00698817254347703,0.0190702057741034,-0.00287723318143607,0.0102264789705769,-0.0110427918925046,0.013039927379216,-0.00485365372709398,-0.00865188565879682,0.000724108606833227,-0.00738456952183068,0.00375853514072185,0.00696231088187957,-0.00020208236171882,-0.000695789337866318,0.00301122288029111,-0.00200519140963838,-0.00500831526942849,-0.00543075115780909,0.00341955219640139,-0.00598777222292096,0.00137542315698849,-3.25260651745651e-17,-3.94215909915729e-16,-1.97758476261356e-16,-1.61329283265843e-16,3.46944695195361e-17,1.84856470408779e-17,-1.30104260698261e-17,"fish_&_cephalopoda"
"51","Mitsukurina_owstoni",-0.119978283679233,0.0215844565627696,-0.0586277254324272,0.0429311774380375,0.0874549170510719,-0.0664391748684745,-0.00204472807293903,-0.018373445655218,0.0405109410030449,-0.0150473220035084,0.0405258276238293,0.0308695459246015,-0.0111341959535632,0.0453623275393887,-0.0183200046418943,0.00263037758371427,0.0240318400528677,0.0028105933476936,0.00714845976819029,0.0226694193953515,0.00570756843879171,0.0100088505882386,0.0284770640986212,0.00245608959032907,-0.0191794329750855,0.00854255874659207,-0.00510301808373185,-0.010433493873324,0.00303694583271112,-0.00440397778704838,0.0048273305855,0.00386513766116825,-0.00803884953950272,0.00208138461015531,0.00232537513266081,3.3957212042246e-16,-2.27248775352962e-16,-5.28331718652186e-16,1.22298005056365e-16,-6.11490025281825e-17,-9.03953561309789e-18,-1.07878116162308e-17,"fish_&_cephalopoda"
"52","Mustelus_asterias",0.0230788480158269,-0.0351109764155764,0.0769134867886198,0.0352976042282685,-0.0325365886315951,-0.000404741736284486,-0.0189903472405725,0.00764100594700169,0.0300857985672994,-0.0261566639745288,-0.00826117045110353,-0.0164814283678892,-0.0369193550289996,0.00950591683628422,0.029880562455565,-0.0121002863944837,0.0134457353008599,-0.0015565884182501,0.00476438439729579,-0.0158650354950806,-0.00229284727795711,-0.0132216894319957,-0.0160571638098706,0.0134345859889685,0.00639269629887523,-0.0100641848386028,-0.0037304376989199,-0.00767183345459972,1.47462912291344e-06,-0.0107644230774557,-0.00716986151007429,-0.0018107910194918,-0.000297340689196083,1.12879650701993e-05,-0.0060302959136627,1.30700571893128e-15,-5.46221054498197e-16,6.8738417735581e-17,2.13804668414141e-16,1.75857592377149e-16,-6.56890991254655e-17,-5.23669649310499e-17,"decapoda_&_mollusca"
"53","Mustelus_higmani",-0.0184450431136384,-0.0187947900831769,0.0352983383652781,-0.00510723970216903,0.0439313532146987,-0.0351203942657115,-0.0575075303419318,-0.00781452002832865,-0.0441730590297956,0.00902621632491936,0.0326408106891238,0.0132666053452365,0.00350406294128805,-0.0135947578249289,-0.0114575310178408,-0.00482597952070198,0.0132814227706497,-0.0497479049138539,-0.0178075869951768,0.00233892155790665,0.00410426833317231,0.0285947698418112,-0.00165336651091061,-0.0106597190609661,-0.00932426083671637,-0.00644381322928673,0.00497320181084706,-0.00419649190435654,0.0044006868142588,-0.00519856954291459,-0.000338106246392039,0.00514349272472285,-0.00315437881862874,0.00487582473257959,0.00212807797387916,-3.48115633541646e-15,7.19910242530375e-16,-2.40259201422788e-16,-1.61329283265843e-16,1.63931368479808e-16,-4.93854089567147e-17,1.30104260698261e-18,"decapoda_&_mollusca"
"54","Mustelus_mustelus",0.0504769683843157,-0.0795879353149499,0.051407880997222,-0.0146172437001594,0.0210908424665778,-0.0160433236086524,-0.0346268183183422,-0.0119338837716927,-0.0480056634981265,-0.00641706700222737,-0.00334672283403026,-0.0361171949202165,-0.0193140273423306,0.0069469833275601,0.0160048194219665,-0.027183487240476,0.0134086835402217,-0.0248736936702937,0.00373725896291146,0.00744987128681867,0.0046425939732026,0.00847662893135319,-0.00526861270564583,0.00819066400364405,-0.0124568192702455,-0.00612350616031205,-0.00131346209765919,-0.00145469549233335,0.00479127127835277,-0.00930072829724872,-0.00814780666801283,0.000110240854837266,-0.00263715618290283,0.00480944618116731,-0.00286643167248485,-2.41451823812522e-16,3.31115343477073e-16,6.17995238316738e-17,-1.45283091113058e-16,5.160802341031e-17,-3.34747420754899e-17,2.65629532258949e-17,"decapoda_&_mollusca"
"55","Nebrius_ferrugineus",0.152426079289271,0.0386174813285609,0.0389276393508416,-0.056688700422452,-0.0550354666245796,-0.0678836828849408,-0.0664283723108715,0.0120076189280381,-0.0436105421835874,-0.0459722374352,-0.0113157891230037,-0.00581372403824698,0.00100480395938017,-0.0170741935603063,0.00848636393431224,-0.0312189272313053,0.0115647065522825,0.00867719669481415,-0.0197660007067388,-0.00102447798545988,-0.00799263694749025,-0.00685128562655874,-0.00962846288679184,0.0119263369795471,0.0016810981840811,0.00584850647745372,-0.00672401453882155,0.0070503388383273,0.00402040358368281,-0.00416539270874277,-0.00654108302163151,0.000460314790210775,0.0110358236956822,0.000575285014428169,-0.00129381288786217,1.60310133223707e-15,1.00874170128051e-15,-1.90819582357449e-16,1.86482773667507e-16,1.76941794549634e-16,3.91396984267267e-17,-4.03323208164608e-17,"fish_&_cephalopoda"
"56","Negaprion_acutidens",-0.0398329610843931,-0.043605133816646,-0.0203077370962021,-0.0135034227680704,0.0269583839898927,-0.0436541443492494,0.0189509937308804,-0.00302332237895737,-0.0164702299077747,0.0160785411384308,-0.0104211183502178,-0.0129220608239382,-0.0114320565677479,0.00972429243713412,-0.00193962093628562,0.00252314545188857,-0.0274553071929852,-0.042999451897284,0.00133655427528763,-0.00967864818163533,0.0158814625212848,0.0158815250832133,0.00420457540194279,-0.00695908993668162,0.00434914182540215,0.00571256025834679,-0.00114861649270108,-0.00466683030613449,0.00111402759654757,0.000812430036786288,-0.00671650264631967,0.00573833767225498,0.00819932073758812,-0.00244123500001059,-0.00037401523032461,2.16623594062604e-16,2.03613167992778e-16,5.93709109653062e-16,1.4883927423881e-15,-1.08853898117545e-16,-4.64038529823796e-17,-1.91903784529934e-17,"fish_&_cephalopoda"
"57","Orectolobus_japonicus",0.12200054088871,0.0313227966236926,-0.00234566876541385,-0.0685051351630058,0.147219984467078,-0.00757238047523246,0.0811669978896992,-0.0524556911065225,-0.0363519438712705,0.0246391633082027,0.0239628378056986,0.0144876408635138,-0.00823839464219756,-0.0175945217449977,0.0142176065757022,-0.0250826012475209,0.0173521582557955,0.0170206119674855,0.0137417499251594,-0.0123347363479463,-0.00520107855254282,0.00316306168368405,-0.017767732494487,-0.00353627161902193,-0.00329090004379928,-0.00573363387312943,-0.00182310813270309,-0.000443980718446579,-0.000799086481101203,0.00088243844785662,0.00362922042409228,0.00694664297191669,0.00807959966570331,0.000453425171738816,0.00602188245312503,-3.9790219730218e-16,2.34187669256869e-16,6.67868538251071e-17,-2.41993924898765e-16,-3.29597460435593e-17,6.32631967645292e-17,-5.22585447138013e-17,"fish_&_cephalopoda"
"58","Orectolobus_maculatus",0.125909946184228,0.0396659172791543,0.0643734760020455,-0.0968219129562573,0.128421890626992,-0.0200135729929176,0.0738670896143136,-0.0171558884418008,-0.0429355073483155,0.035446707516252,-0.0052725996676285,0.047788588490796,0.00308180909049036,0.00433777922428934,-0.00211746013810444,0.00392722910993674,-0.00449550637581476,0.00386118485601398,0.000808061399630201,-0.000565585744641242,-0.0172700464739096,-0.00341896971456031,-0.000321990479338925,0.00172432145941207,0.0177535011990185,0.0107438326406978,0.00891478646778937,0.00517122567219956,0.00172000925162238,-0.00838874441769431,-0.00180483949803061,0.00708002129592833,-0.000878464048505427,0.0043110777121634,0.000345958118753575,1.19500763451352e-15,-4.11563144675497e-16,1.40512601554121e-16,1.42247325030098e-16,-1.69135538907739e-17,2.8948198005363e-17,-8.52182907573606e-17,"fish_&_cephalopoda"
"59","Orectolobus_ornatus",0.13695776690071,0.0943922329725095,0.0184596394051454,-0.0493517237078942,0.162057389115019,0.00618428485379261,0.0801587437568042,-0.0394149870749966,-0.0528621415790895,0.0263749388669527,0.0149109868861201,0.0302249981790671,-0.0109868179743724,-0.0167850192140837,0.0118951656065031,0.00859032209656131,0.0171290012273089,0.0123886239499609,-0.00935668341932598,-0.0104298089052849,-0.000446842942410468,-0.0148545338076391,-0.00217733809500633,0.00547038647774781,0.00932318063205336,0.000431646511535,0.00534307088981498,0.00253901662112986,0.00161012407839927,0.00284631507071501,-0.00240851984365138,-0.00610710888448789,-0.00234444436984852,0.000959257003380507,0.0021775308872086,9.38485400503453e-16,-3.41740524767431e-16,-1.43114686768087e-17,1.04950770296597e-16,-2.87096735274162e-16,3.67544536472586e-17,-5.96311194867027e-17,"fish_&_cephalopoda"
"60","Oxynotus_centrina",0.223382083836907,0.0943472019447478,-0.130254556363032,-0.103889671240768,-0.145411333716549,-0.00810852297714985,0.0123004890829425,-0.0696815895403194,0.0562760066560395,0.141763015860394,-0.00559418954292372,0.0081652773934859,0.0290652612415844,-0.0255350215730261,-0.00581632413062651,-0.000469240835158063,-0.0125301345179519,-0.00801834126511322,0.0112985387992902,-0.0237750427887042,-0.00230075879063008,0.0217961700809453,0.00711217337984565,0.00977092227167974,0.00221592072868396,0.00538909739494847,-0.00583496055719669,-0.00742429390330682,-0.0169443287363666,-0.00931779462956864,0.00102355421136737,0.00409804322527281,-0.0058244267098252,-0.00470623576646468,-0.00342554530014767,-1.9671764217577e-15,-1.15359111152458e-16,-3.26995375221628e-16,-3.81639164714898e-17,1.52655665885959e-16,6.79794762148411e-17,-5.3776427755281e-17,"Soft-bodied_benthic_invertebrates"
"61","Prionace_glauca",-0.105690067058299,-0.0374005052460454,-0.0133064731401787,0.00692598316294044,0.0125167896056272,-0.0458297193845701,-0.011882147722916,-0.00537174340790045,-0.0327960206896624,-0.00125560017008575,0.0145708633177519,0.00627037489361376,0.00839705250854795,0.030615958824617,0.0145099462879088,-0.000806185525263164,0.00131981578755323,-0.00115995084101604,-0.0153308619012145,-0.000438501431571443,0.00645292326191654,-0.00423013758302251,0.00649154527835128,-0.00760863511315779,-0.00439195427783431,-0.00413635416134467,0.00136113565493129,-0.0061500368840767,-0.000289442010537635,-0.000108233002456068,-0.00405824739525745,0.0032378625488418,0.00468770000529719,-0.00729213603572077,-0.000968211134537395,3.24559308465325e-16,-4.06494499519128e-16,6.27149970410662e-16,-1.88583415376697e-16,-6.41915448747199e-17,-3.53043332415592e-17,-7.25907235796935e-18,"fish_&_cephalopoda"
"62","Pristiophorus_japonicus",-0.109544645443885,0.113823565686888,-0.0680988365400731,0.05541121712864,0.0119957978621365,0.0452723818356541,0.00691558558344704,0.00280595166399131,0.0506360557801765,0.0178719628806691,0.00129323223327914,-0.0362824141829491,0.011089766739281,-0.0231744678818801,0.00426708055229364,-0.000887288159326782,0.00295819292938941,0.0223166261495816,-0.02265474276664,0.00430043097374155,0.0202016057801112,0.0153652862786183,6.499748498066e-06,-0.00780455391693169,-0.00520784492249738,-0.00149868020387117,0.0089323443102525,-0.00253684045856542,-0.00928767388352332,-0.00105907690537976,0.000274706515414976,0.000557596038785677,0.00158258063803356,0.00514336880863542,-0.00309018477110866,1.56130533848775e-15,-1.10154940724527e-15,-4.43655528981068e-16,-1.63280847176317e-16,1.07336015076065e-17,-7.23704950134074e-18,2.36898174688083e-17,"generalist"
"63","Proscyllium_habereri",0.0429741456567638,0.194142383460182,0.0550397684810332,0.107821421665484,-0.0132785949311398,0.0142686955045992,0.0357678479487413,-0.00483723385342649,-0.0442409083173806,0.0543238872091365,0.00997381079611886,-0.0538734769849898,-0.00544205675466726,-0.029440016635032,-0.0461337614463181,-0.0053193957986759,-0.00771420953193987,-0.00619732848250899,-0.00369123038765962,-0.00415353766740892,0.0146716833587186,-0.00154189707811573,0.0168183089139828,0.00286820684522831,-0.00627862371099512,-0.00356963147798066,-0.0197316278612079,-0.00178572208675056,0.00793623437146483,-0.00794271018820457,-0.0106174774980922,-0.0129893558237635,0.00237937569429414,-0.0031234876042849,0.00363752994308514,7.57857318567368e-16,-2.37657116208823e-16,-2.73218947466347e-16,-3.10515502199848e-16,-1.37476835471162e-16,3.7621815385247e-17,-6.46184494801361e-17,"fish_&_cephalopoda"
"64","Pseudocarcharias_kamoharai",-0.124688535477054,-0.0762780204720597,0.0738960753654312,-0.0528791661248018,-0.0480827630225241,0.019249341458901,0.0317103047127973,-0.00946571634103635,-0.00747862623732015,-0.00252126705859455,0.0454076753234477,0.0455851897379741,0.0263581532315867,0.0211062648285248,-0.005277687638204,0.0277150934178662,0.017217543432198,0.0132920323116513,0.0209027204383344,0.0304707766509674,-0.00769906378371572,-0.0132830541789077,0.00292838134240197,-0.00252747734544593,-0.00415735106513889,-0.00417505880171083,-0.0064604512480756,0.0064718154447471,0.00692426831984579,-0.00823070580827758,-0.0014927714414548,0.00357835759792663,-0.00711573118528201,-0.000732301758186064,-0.000185477569380528,-1.70349845340922e-15,-6.37510877421477e-17,4.17200995972422e-16,3.78169717762944e-16,-4.55364912443912e-17,-7.29668062082744e-17,4.03323208164608e-17,"generalist"
"65","Rhizoprionodon_terraenovae",-0.113852933486741,-0.0529820651996156,0.0611019794431857,-0.019509718054559,-0.00954445485983941,-0.0224791126498929,-0.0152943972137879,0.00843947930004882,-0.024519838826378,0.00348070741193063,-0.0190027689620056,0.0144741765957536,-0.0073255820812272,0.00355217500533506,-0.00523817740948337,0.00950646458834778,0.0220820418449577,-0.0309976573224834,-0.00965229737267457,-0.0103090786726728,0.0129254445878664,0.00494170115205566,-0.00191075751196361,0.000825857037749994,0.0107588357278927,0.00506479892792571,-0.00491191093274428,0.000804896330861435,0.00934989169729103,-0.00877153986027963,0.00508918515298498,-0.00382920533746805,-0.00309251440703866,0.0092448544330345,0.00013405579639415,-2.9772191656452e-16,1.28369537222284e-16,-6.89552581700781e-17,1.07552855510562e-16,-1.05818132034585e-16,-1.41271543074861e-16,6.39679281766448e-17,"fish_&_cephalopoda"
"66","Scoliodon_laticaudus",-0.166413165217158,-0.0453982920671471,-0.00220838090644953,-0.0155539934407049,0.0486208146208043,-0.0174365266761797,-0.028642676878621,0.0262049699493891,0.0429721896020406,-0.0122474103682396,0.0195599287534294,0.00505408845642094,-0.00368041160871675,-0.0208858282696155,-0.0400843490766046,-0.0129020277250384,0.0296428575289617,-0.00171923684252612,0.00314608048598408,0.00806682217730824,-0.00991858229809768,-0.00819279347573514,-0.0106349928739178,0.00299551941801833,0.0125660200782637,0.0171871835677301,0.00871997172958583,-0.0219488695552764,-0.00288154122128825,0.00606020858922277,-0.00637820814992155,0.00695365066476586,-0.00415937111413076,-0.00614888973073423,-0.00108921802166618,-2.1543097167287e-15,8.64868072991687e-16,-1.06034972469082e-16,9.32413868337534e-17,-1.06034972469082e-16,-8.38765905689098e-17,8.71698546678346e-17,"decapoda_&_mollusca"
"67","Scyliorhinus_canicula",-0.0146181290539929,0.0199379074154306,0.0814378776424573,0.066054559532326,-0.00439811598777211,0.0552406470406034,0.0118140558748174,-0.0309108609692006,-0.0483165615292106,0.0428575242812789,-0.0489117396317794,-0.000206900824116276,0.0120331846151597,-0.00692569765721636,0.00653219626956309,-0.016862328396091,0.0350756879796403,-0.00838342155912784,-0.0233891399094715,-0.000488675699666557,0.00488145126098715,0.000586218590561386,-0.00106998571211659,0.0143091924684242,-0.00806717231795212,0.00703384325198598,0.0117263042628159,0.0100189836167054,-0.00331690927781578,0.0096837384637004,0.00019529647400284,0.0101285019192068,-0.00636388686510275,0.00333105740360291,0.000512224819938997,1.41445015422459e-15,-8.14886352840105e-16,-2.76037873114809e-16,2.55871712706579e-17,-4.77048955893622e-17,-5.82758667710959e-18,-5.6920614055489e-17,"decapoda_&_mollusca"
"68","Scyliorhinus_stellaris",-0.0174478599261809,0.0310934870864197,0.0652850303953243,0.0652532919307756,-0.0137858846376813,0.0307223802720633,-0.038687436964147,-0.0171918476480047,-0.0105026175129671,0.00669363953180348,0.0189385458768134,0.0222694059840407,0.0181795250297601,0.00782412222891617,0.00137324114081007,-0.00541447775635615,-0.0247272536321977,0.0149252525322663,0.00980567553007099,0.00627035743130369,-0.00664319952823498,-0.00149537157232229,-0.00119833159695216,0.00529816629215393,0.00535303976922551,0.00231454677763771,0.000678215866659774,0.0066421643608337,0.0146414486260442,0.00861373848344357,-0.00290684215459838,0.0056730203169708,0.00314230306117746,0.000910911559099816,-0.00255425430577359,-1.6306400674182e-16,-2.95770352654046e-16,2.73218947466347e-16,-6.93889390390723e-17,6.41847686111419e-17,-8.84708972748172e-17,5.63785129692462e-17,"fish_&_cephalopoda"
"69","Sphyrna_lewini",-0.103006614149614,-0.0234497727511692,-0.0509398186686416,-0.00954480808681525,0.050649603445742,-0.012317542542781,-0.00266804802187005,-0.015002774697294,0.00522428762619629,-0.00259050634661519,0.00166958149058903,-0.0209005238705977,0.00166963683420735,0.00459587471026387,-0.0307029921260985,-0.00354961546654913,-0.0141457838150345,-0.00340563122874663,-0.00141730314574869,0.00713096146164725,-0.00554933648240211,-0.00118372291031489,0.0116710767264244,-0.000780607071354332,0.0104319522605149,0.00141369787974616,0.00792808071774156,-0.00772448459610344,-0.00031939535596386,0.00345284833934473,0.000517607490030272,-0.00617784281398531,-0.0042363728899982,0.0105487044173852,-0.00214823664917709,-4.11996825544492e-16,1.7275677416384e-15,1.23989360445442e-15,-2.03830008427275e-16,-9.62771529167128e-17,-1.00505541389406e-16,3.9790219730218e-17,"fish_&_cephalopoda"
"70","Sphyrna_mokarran",-0.101069980525033,-0.0454930244959867,0.0448639157470018,-0.0263401821783744,-0.0266605662250008,0.00361994012522684,0.0268042698244328,-0.00723500716924818,-0.0122135325966511,-0.00116482651782204,-0.0110367090196652,-0.0125914905577617,-0.00410839998842063,0.00433503305301128,-0.0143652032745496,-0.00354537163093058,0.00072771043945087,0.00149860271723104,-0.00362438954375171,-0.00526600118455285,0.00797999028223037,-0.00161626914779551,0.00862738714971837,-0.00255140911728643,-0.00942903013378272,0.00530059236099548,-0.00275109500980295,0.00887651517654313,-0.0125303077294571,0.00577080546585674,0.000463164422073552,0.00134383859217537,-0.00224551650516594,0.000992099015639015,0.00367660359926235,1.70783526209917e-15,2.88831458750138e-16,-2.25514051876985e-16,-7.11236625150491e-17,-1.69135538907739e-16,-9.16150835750251e-17,-8.67361737988404e-19,"fish_&_cephalopoda"
"71","Sphyrna_tiburo",-0.137989491469793,-0.0631035269325929,0.023975890845529,0.013381691421863,0.0107184201572035,7.33785157500406e-05,0.00704202441299879,-0.0169904390153294,0.06868667506116,-0.00181223323595319,-0.00858431593686434,0.0129640050846727,-0.0305231364869807,0.0112761369727926,-0.0140407172464633,-0.0180350209485215,-0.00673558037323405,-0.00160280933867064,0.010960300067305,-0.00534748733006583,-0.00740605962369735,-0.0103251137451953,-0.00621750508199937,0.00229071962325296,0.00123044623252892,-0.00318321429527016,-0.00616984677893671,0.00110852585073593,-0.00630530654007258,0.00409524755483584,-0.00247865388660689,0.00301118691972246,-0.00246645013650888,0.00324925217694334,0.00127435985160873,-1.00613961606655e-16,-1.36609473733174e-16,9.18102399660725e-16,-1.34441069388203e-16,9.62771529167128e-17,-4.20670442924376e-17,4.83554168928535e-17,"decapoda_&_mollusca"
"72","Sphyrna_tudes",-0.135862921968143,-0.0703550829075752,0.0430568083083797,-0.057715666674452,-0.00484147870454679,0.0133356544163431,0.0155013480215825,-0.0240702339773022,-0.000981248217299076,-0.00331434774729321,-0.00459562762587273,-0.00755513131277155,-0.00134681056778563,0.0148212934000497,-0.0149026189911879,0.0127205830485201,0.000694527662557736,-0.00829186059446922,0.000296817953292715,0.00867825400661591,-0.000416218893667586,0.00326599657038704,0.000205166560929079,-0.00550852543497319,-0.000289292043573351,-0.00351396865154651,-0.00155602866523748,0.00670583919011959,-0.00561115752892348,0.00171202593017448,0.00493286231654452,0.00402796286925749,0.00219969157252711,-0.000971667123488992,-0.00329157017513256,2.97288235695525e-15,1.17267306976032e-15,-1.2490009027033e-16,-6.76542155630955e-17,3.64291929955129e-17,-4.42354486374086e-17,-7.04731412115578e-17,"fish_&_cephalopoda"
"73","Sphyrna_zygaena",-0.153887059348896,-0.0537886607800547,0.0268656587127809,-0.0314229583255821,-0.0223798744949637,-0.0145375536356796,0.0215623029937894,0.0172672214227794,0.000915047979738432,-0.000274890343347939,-0.0147968399453142,-0.0097785857901773,-0.009188902567573,0.00444028352536349,0.00324133181192427,-0.0114276046572383,0.00766675628176836,-0.00995328202810082,0.00109270835925726,-0.0103356397819462,0.0105001290237854,-0.00327628262951563,0.000401736256320242,0.00315273640453802,-0.00112969685813361,0.00685532522801278,-0.00186380546003892,0.00354305166048422,-0.00115271822689162,-0.00393357092786037,0.00865717464267057,0.00222090714155793,-0.00464713318883888,-0.00153294581874073,-0.000737024593528446,-1.30971622436249e-15,4.69242700251726e-16,-6.76542155630955e-17,1.73472347597681e-17,-3.46944695195361e-17,-7.81709766362049e-17,2.32019264911898e-17,"fish_&_cephalopoda"
"74","Squalus_acanthias",0.0166258174921351,0.0617004699951227,-0.108809156770123,-0.0460153148872581,0.00884212165532008,0.0198543434295323,0.0187762132876385,0.0788234967295107,-0.0173386290835362,-0.022894809995694,0.0127821086568376,-0.0130533499075327,0.0231993753370659,-0.00668972521846956,-0.000668435266602528,0.00399181803898275,-0.0143954468284278,-0.0123707372419206,0.0073683186237908,0.00963077908317713,0.000139441063890955,0.00303001525679913,-0.00533155928377685,0.00249700230334655,0.00265950291380111,-0.00148918459544849,0.00580384760200193,-0.0103802259695264,-0.00393775238806397,-0.00181648210361351,-0.0053649827906002,0.00351957740431758,-0.00188441325344694,-0.00430097735822102,-0.000183559417763649,-1.30190996872059e-15,-1.02261948908833e-15,-1.73472347597681e-18,-2.02962646689286e-16,-6.85215773010839e-17,4.34765071166687e-17,4.44522890719057e-17,"fish_&_cephalopoda"
"75","Squalus_cubensis",0.0153197042853367,0.01666754007905,-0.0630095720357554,-0.0734565356411884,0.038035958186655,0.0412104984640834,0.0103786782397843,0.0918437949654071,0.0218967985609664,-0.0260626288715603,0.00600088689690807,0.00389900457704085,0.039302465304962,0.0250390663828987,0.0128990936306785,0.00694255318654815,-0.028070766133928,-0.00452902771782225,-0.000536518445806506,-0.013978365580996,0.00100453747361366,0.00968904417832978,-0.000443160891902587,-0.00299773140730401,0.0019884169386538,0.00493596239805401,-0.00536200549582998,0.000722819420760841,0.014935114004919,-0.00361954645583779,-0.00253583711916596,-0.00347489530051898,-0.00324188526543085,-0.001607204145002,0.000286653685164485,9.97899679555658e-16,3.36102673470506e-16,-3.81639164714898e-16,-1.07552855510562e-16,-5.29090660172926e-17,-7.2099444470286e-17,6.2233204700668e-17,"fish_&_cephalopoda"
"76","Squalus_megalops",0.0561976716245284,0.0446113785833823,-0.103083875298846,-0.0808726906197837,0.00330229824570851,0.0530563904205635,0.00896427457848221,0.070140489129613,-0.0227634810065053,-0.00423805325026938,0.023128790507893,-0.0141502736204219,0.0126330706675853,0.00937086061955493,0.00891268490859256,-0.0195846951212325,-0.00351127215818413,-0.0126083448633401,0.0234516337153823,0.0215211390135739,0.00501704768298189,-0.0139452818849921,-0.00416827834259038,0.00208744087071503,0.0146336447174978,0.0160549099430701,-0.000113849388016968,-0.00384673440735428,-0.0067621961374938,0.00987967004427486,0.00236852533485924,-0.0101901665168717,-0.00615517320759201,-0.0055955496739903,-0.000716214596976259,-1.67400815431762e-15,-5.47305256670683e-16,-2.3115190317391e-16,-1.47451495458029e-16,8.41340885848751e-17,-6.02274306815698e-17,4.77048955893622e-18,"fish_&_cephalopoda"
"77","Squatina_africana",-0.0706929407787951,0.0455486714105462,0.0780163492518721,-0.0645318008487425,-0.00786556650595175,-0.0200991160436801,0.0174107084144498,0.0735786096410043,0.0469916937867605,0.0456174074332662,-0.0119571335358146,0.0208626335269559,0.00809858952560777,-0.00992079947552526,-0.0016064478602832,0.00428244769501394,0.00654602728269674,0.00217335302351814,-0.00661910479011921,0.0181711487431409,0.00232354808030818,-0.00114329023143098,-0.00845523994393877,0.00759039170462679,-0.00688821552296353,-0.00516923203432768,-0.00413740039408529,0.000729666247068021,0.00137011241823786,-0.000738815398160479,0.00258873695047556,0.00165466569785667,0.000633254253017855,0.00747267200044692,-0.000305770072795139,6.37510877421477e-17,-1.02782365951626e-16,-1.41813644161104e-16,7.11236625150491e-17,-9.0205620750794e-17,-3.4857099845409e-17,3.51281503885303e-17,"fish_&_cephalopoda"
"78","Squatina_squatina",-0.0863182927873704,0.0607912140351402,0.0794227384642989,-0.0177768287668965,0.0226752378870205,-6.43420703929228e-05,0.0031650223845606,0.0973995267756125,0.0397138182255794,0.0389513155367514,-0.00287772647711193,0.0136679531324901,-0.0099372259005522,0.00608297149514849,0.00661403029351115,-0.0134148388294593,0.017115225435523,0.00924108271032689,-0.0129309912134823,-0.0192084620464837,-0.00116142835949056,-0.0160941358500398,0.00285619878290577,-0.0165040537527746,-0.00921510917898798,0.00488679632675051,-0.000735069740334395,-0.00152662143819596,0.00229394975356331,-0.000901807602612671,-0.00293041195933761,-0.00639644796772086,-0.000506254776349031,0.000950861635267224,-0.00126050328754451,2.50342281626903e-16,3.82723366887383e-17,-3.54967791271754e-16,2.08166817117217e-16,6.09321620936853e-17,-1.08582847574423e-16,7.86588676138233e-17,"fish_&_cephalopoda"
"79","Stegostoma_fasciatum",0.189879021299254,0.0384672177162474,0.0337107959028423,-0.120905823156217,0.0232396266959134,0.037983860762609,-0.0380047989084851,0.0694497997639882,-0.000279008546562772,0.0326429829692131,0.00720371535584251,-0.0301722351838551,0.0053782942913265,0.00426052213044399,0.00860411387222725,0.012266129160108,0.0163424421974066,0.0101853236834687,0.0225083544181745,-0.00155304657419858,0.0198695866383804,0.00176794237120716,-0.00227307350029933,0.0226150250751226,-0.00954244838079847,-0.00270210836619032,0.0155539561633031,-0.0105930975298578,-0.0093177244773819,0.00109600940063356,-0.00903208447015217,-0.00364361017504791,0.00374026936992315,0.00355986262922849,0.00266043112690473,-2.24906898660393e-15,1.04083408558608e-17,2.46330733588707e-16,-9.0205620750794e-17,1.04083408558608e-16,-9.68192540029555e-17,-6.46184494801361e-17,"decapoda_&_mollusca"
"80","Triaenodon_obesus",-0.139101630839792,0.0283989384043007,0.0121449920611415,0.0252034786884973,-0.0230341314046478,-0.0672495490974402,-0.00183286643224397,0.0184973292313677,0.0390221503794317,0.00339115419573881,-0.0159625586751517,-0.0261657263385112,-0.00399601500657455,-0.00540431996140593,0.0172914600747721,-0.00562526020173055,0.00658904072594306,0.00769140569410493,-0.0135902956587031,-0.00220401719539667,0.012458059805423,-0.0102607189932746,0.00630627291587544,0.0141844930541495,0.014224376712532,-0.00315139219143675,0.0015892343918072,-0.00230237243541105,-0.0048971745575675,0.000824001449770149,-0.00560417291061335,-0.00270081573253563,0.00118116215698316,-0.00235501894822055,0.00182814159839216,1.68875330386342e-15,-3.71664504728031e-16,-1.14058068545475e-16,-1.28369537222284e-16,9.15066633577766e-17,-9.68192540029555e-17,1.10588621593521e-17,"fish_&_cephalopoda"
"81","Triakis_semifasciata",0.117397653796732,0.0321032495873613,0.0342192072572792,0.023999394905081,0.0275312566137744,-0.0355368410329621,-0.0259722732682156,0.0210386127119531,-0.0335018137545979,0.00586706333528382,0.0322091232324603,0.00519756625336259,-0.0120191597956269,0.00449648947844861,0.0120260422762302,-0.00457195022292713,-0.0124571044199215,-0.0129707036042566,-0.00935940340063473,-0.00131973297117594,0.0085402813756915,0.018966565966841,0.00735543887797395,-0.0200467645126497,0.0172840519414204,-0.00668309043311283,-0.00214436375282708,-0.0116789583777626,-0.00303372442958901,-0.00722241077449211,8.13039173694239e-05,0.00430594903566226,-0.00248357946384413,0.00296989444765431,0.0016876440246835,1.58336885269783e-15,8.6389229103645e-16,1.96023752785379e-16,-2.77555756156289e-17,-7.80625564189563e-18,-4.33680868994202e-17,-8.95550994473027e-17,"generalist"
